sector_keywords,code,name,type,enabled
半导体,159995,芯片ETF,ETF,1
游戏;传媒,159869,游戏ETF,ETF,1
互联网金融;互联网电商,159851,金融科技ETF,ETF,1
煤炭,515220,煤炭ETF,ETF,1
证券,512000,券商ETF,ETF,1
软件开发;计算机;人工智能,159363,人工智能ETF,ETF,1
电力;公用事业,561170,绿色电力ETF,ETF,1
农林牧渔;种植业;养殖业;饲料,159825,农业ETF富国,ETF,1
银行;国有大型银行Ⅱ;股份制银行Ⅱ,512800,银行ETF,ETF,1
电池,562880,电池ETF,ETF,1
自动化设备;通用设备;机器人;机械设备,159559,机器人ETF,ETF,1
软件开发;计算机;半导体;互联网服务;游戏;通信设备,513130,恒生科技ETF,ETF,1
电池;半导体;软件开发;光伏设备;医疗服务;通信设备,159915,创业板指数ETF,ETF,1
化学制药;化学制剂;生物制品;医疗服务;医疗器械,520500,恒生创新药ETF,ETF,1
房地产开发;房地产,000002,万科A,STOCK,1
半导体;分立器件,002079,苏州固锝,STOCK,1
白酒;食品饮料;饮料乳品,161725,白酒基金LOF,LOF,1
半导体;集成电路,300077,国民技术,STOCK,1
化学制药;化学制剂;中药Ⅱ,300158,振东制药,STOCK,1
光伏设备;电力设备,600438,通威股份,STOCK,1
